<?xml version="1.0" encoding="ISO-8859-1"?>
<!DOCTYPE konfigurationsBereich PUBLIC "-//K2S//DTD Dokument//DE" "K2S.dtd">
<konfigurationsBereich pid="kb.duaTestObjekte2" verantwortlich="kv.aoe.bitctrl.tester">
	<konfigurationsAenderung stand="28.06.2007" version="1" autor="Thomas Thierfelder, BitCtrl Systems GmbH" grund="Test Pl-Pruefung logisch LVE">Konfigurationsbereich neu erstellt.</konfigurationsAenderung>
	<modell>
	</modell>
	<objekte>

		<konfigurationsObjekt pid="mq1" name="mq1" typ="typ.messQuerschnitt">
			<datensatz attributgruppe="atg.messQuerschnittAllgemein" aspekt="asp.eigenschaften">
				<datum name="Typ" wert="HauptFahrbahn"/>
				<datum name="ErsatzMessQuerschnitt" wert="null"/>
			</datensatz>
			<objektMenge name="FahrStreifen">
				<element pid="fs.1"/>
			</objektMenge>
		</konfigurationsObjekt>

		<konfigurationsObjekt pid="mq2" name="mq2" typ="typ.messQuerschnitt">
			<datensatz attributgruppe="atg.messQuerschnittAllgemein" aspekt="asp.eigenschaften">
				<datum name="Typ" wert="HauptFahrbahn"/>
				<datum name="ErsatzMessQuerschnitt" wert="null"/>
			</datensatz>
			<objektMenge name="FahrStreifen">
				<element pid="fs.2"/>
			</objektMenge>
		</konfigurationsObjekt>

		<konfigurationsObjekt pid="mq3" name="mq3" typ="typ.messQuerschnitt">
			<datensatz attributgruppe="atg.messQuerschnittAllgemein" aspekt="asp.eigenschaften">
				<datum name="Typ" wert="HauptFahrbahn"/>
				<datum name="ErsatzMessQuerschnitt" wert="null"/>
			</datensatz>
			<objektMenge name="FahrStreifen">
				<element pid="fs.3"/>
			</objektMenge>
		</konfigurationsObjekt>


		<konfigurationsObjekt pid="fs.1" name="fs.1" typ="typ.fahrStreifen">
			<datensatz attributgruppe="atg.fahrStreifen" aspekt="asp.eigenschaften">
				<datum name="Typ" wert="HauptFahrStreifen"/>
				<datum name="Lage" wert="HFS"/>
				<datum name="FahrStreifenQuelle" wert="null"/>
				<datum name="ErsatzFahrStreifen" wert="null"/>
			</datensatz>
		</konfigurationsObjekt>

		<konfigurationsObjekt pid="fs.2" name="fs.2" typ="typ.fahrStreifen">
			<datensatz attributgruppe="atg.fahrStreifen" aspekt="asp.eigenschaften">
				<datum name="Typ" wert="HauptFahrStreifen"/>
				<datum name="Lage" wert="HFS"/>
				<datum name="FahrStreifenQuelle" wert="null"/>
				<datum name="ErsatzFahrStreifen" wert="null"/>
			</datensatz>
		</konfigurationsObjekt>

		<konfigurationsObjekt pid="fs.3" name="fs.3" typ="typ.fahrStreifen">
			<datensatz attributgruppe="atg.fahrStreifen" aspekt="asp.eigenschaften">
				<datum name="Typ" wert="HauptFahrStreifen"/>
				<datum name="Lage" wert="HFS"/>
				<datum name="FahrStreifenQuelle" wert="null"/>
				<datum name="ErsatzFahrStreifen" wert="null"/>
			</datensatz>
		</konfigurationsObjekt>


		<konfigurationsObjekt typ="typ.messQuerschnittVirtuell" pid="mqv_I_v1_mq1_100_mq2_100_mq3_m100" name="mqv_I_v1_mq1_100_mq2_100_mq3_m100">
			<datensatz pid="atg.messQuerschnittVirtuellVLage">
				<datum name="MessQuerschnittGeschwindigkeit" wert="mq1"/>
				<datenfeld name="MessQuerSchnittBestandTeile">
					<datenliste name="0">
						<datum name="MessQuerschnittReferenz" wert="mq1"/>
						<datum name="Anteil" wert="Zufluss"/>
					</datenliste>
					<datenliste name="1">
						<datum name="MessQuerschnittReferenz" wert="mq2"/>
						<datum name="Anteil" wert="Zufluss"/>
					</datenliste>
					<datenliste name="2">
						<datum name="MessQuerschnittReferenz" wert="mq3"/>
						<datum name="Anteil" wert="Abfluss"/>
					</datenliste>
				</datenfeld>
			</datensatz>
		</konfigurationsObjekt>

		<konfigurationsObjekt typ="typ.messQuerschnittVirtuell" pid="mqv_II_v2_mq1_50_mq2_m50_mq3_10" name="mqv_II_v2_mq1_50_mq2_m50_mq3_10">
			<datensatz pid="atg.messQuerschnittVirtuellVLage">
				<datum name="MessQuerschnittGeschwindigkeit" wert="mq2"/>
				<datenfeld name="MessQuerSchnittBestandTeile">
					<datenliste name="0">
						<datum name="MessQuerschnittReferenz" wert="mq1"/>
						<datum name="Anteil" wert="0.5"/>
					</datenliste>
					<datenliste name="1">
						<datum name="MessQuerschnittReferenz" wert="mq2"/>
						<datum name="Anteil" wert="-0.5"/>
					</datenliste>
					<datenliste name="2">
						<datum name="MessQuerschnittReferenz" wert="mq3"/>
						<datum name="Anteil" wert="0.1"/>
					</datenliste>
				</datenfeld>
			</datensatz>
		</konfigurationsObjekt>

		<konfigurationsObjekt typ="typ.messQuerschnittVirtuell" pid="mqv_III_v2_mq1_m100_mq2_20_mq3_50" name="mqv_III_v2_mq1_m100_mq2_20_mq3_50">
			<datensatz pid="atg.messQuerschnittVirtuellVLage">
				<datum name="MessQuerschnittGeschwindigkeit" wert="mq2"/>
				<datenfeld name="MessQuerSchnittBestandTeile">
					<datenliste name="0">
						<datum name="MessQuerschnittReferenz" wert="mq1"/>
						<datum name="Anteil" wert="Abfluss"/>
					</datenliste>
					<datenliste name="1">
						<datum name="MessQuerschnittReferenz" wert="mq2"/>
						<datum name="Anteil" wert="0.2"/>
					</datenliste>
					<datenliste name="2">
						<datum name="MessQuerschnittReferenz" wert="mq3"/>
						<datum name="Anteil" wert="0.5"/>
					</datenliste>
				</datenfeld>
			</datensatz>
		</konfigurationsObjekt>


		<konfigurationsObjekt typ="typ.messQuerschnittVirtuell" pid="mqv_IV_v3_mq1_50_mq2_m100_mq3_25" name="mqv_IV_v3_mq1_50_mq2_m100_mq3_25">
			<datensatz pid="atg.messQuerschnittVirtuellVLage">
				<datum name="MessQuerschnittGeschwindigkeit" wert="mq3"/>
				<datenfeld name="MessQuerSchnittBestandTeile">
					<datenliste name="0">
						<datum name="MessQuerschnittReferenz" wert="mq1"/>
						<datum name="Anteil" wert="0.5"/>
					</datenliste>
					<datenliste name="1">
						<datum name="MessQuerschnittReferenz" wert="mq2"/>
						<datum name="Anteil" wert="Abfluss"/>
					</datenliste>
					<datenliste name="2">
						<datum name="MessQuerschnittReferenz" wert="mq3"/>
						<datum name="Anteil" wert="0.25"/>
					</datenliste>
				</datenfeld>
			</datensatz>
		</konfigurationsObjekt>

	</objekte>
</konfigurationsBereich>
